{"min": [-0.15486098512642532, -0.07581145418921598, 0.07307568745780912, -0.08393146474079505, -0.27754028100513484, -0.07688587819124626], "scale": [0.37706740494841273, 0.6645064116101801, 0.7106889082278052, 0.07281362638977319, 0.13169596726188887, 0.16525144747057338]}